time,latitude,longitude,depth,mag,place
2026-01-30T02:07:55.677Z,59.766,-153.387,109.1,3,"40 km E of Pedro Bay, Alaska"
2026-01-28T03:36:13.895Z,60.904,-150.761,55.1,3.1,"4 km WSW of Point Possession, Alaska"
2026-01-28T02:06:52.833Z,59.979,-153.621,153.1,3.1,"34 km NE of Pedro Bay, Alaska"
2026-01-27T10:44:13.185Z,60.552,-147.9,2.6,3.1,"49 km ESE of Whittier, Alaska"
2026-01-27T01:04:32.891Z,60.077,-152.908,112.9,3.1,"67 km WNW of Happy Valley, Alaska"
2026-01-26T14:38:18.968Z,61.497,-150.024,13.8,3.6,"4 km SW of Big Lake, Alaska"
2026-01-26T10:56:49.191Z,60.917,-147.042,8.1,4,"20 km WNW of Tatitlek, Alaska"
2026-01-25T09:12:19.007Z,59.065,-150.741,30.4,3.5,"65 km SSE of Halibut Cove, Alaska"
2026-01-22T15:53:19.528Z,60.929,-147.065,18.3,3.2,"22 km WNW of Tatitlek, Alaska"
2026-01-22T11:11:51.128Z,56.632,-156.45,45.1,3.9,"113 km SSE of Ugashik, Alaska"
2026-01-21T13:52:32.618Z,59.595,-150.262,14.3,3,"48 km SE of Fox River, Alaska"
2026-01-21T12:35:29.658Z,55.941,-150.141,5,3,"227 km SE of Chiniak, Alaska"
2026-01-21T10:40:58.100Z,58.909,-154.526,113.4,3.1,"60 km SSE of Kokhanok, Alaska"
2026-01-21T09:31:02.968Z,59.487,-150.797,24.1,3.7,"27 km ESE of Halibut Cove, Alaska"
2026-01-20T07:00:00.057Z,55.967,-149.11,10,3.1,"266 km SE of Chiniak, Alaska"
2026-01-19T21:47:45.600Z,61.794,-149.613,5.8,3.4,"18 km N of Meadow Lakes, Alaska"
2026-01-19T13:41:37.057Z,57.188,-155.55,61.2,3.5,"78 km WSW of Karluk, Alaska"
2026-01-19T01:11:21.504Z,58.957,-152.243,51.6,3,"48 km SSW of Nanwalek, Alaska"
2026-01-18T12:58:25.168Z,59.45,-152.524,75.8,3,"35 km WNW of Nanwalek, Alaska"
2026-01-18T02:45:01.188Z,61.882,-150.787,65.8,4.2,"34 km ESE of Skwentna, Alaska"
2026-01-17T18:26:02.748Z,61.203,-151.306,78.8,3.5,"13 km WNW of Beluga, Alaska"
2026-01-17T14:06:00.917Z,60.936,-147.165,16,3.8,"27 km WNW of Tatitlek, Alaska"
2026-01-16T11:14:07.007Z,58.967,-153.047,66.8,3,"77 km SW of Nanwalek, Alaska"
2026-01-15T09:37:23.047Z,61.435,-152.326,117,3,"74 km WNW of Beluga, Alaska"
2026-01-15T06:28:35.816Z,61.67,-151.984,101.2,3.7,"47 km SW of Skwentna, Alaska"
2026-01-14T22:21:13.458Z,56.063,-157.82,52.7,3.1,"44 km SE of Chignik, Alaska"
2026-01-14T01:29:50.572Z,55.184,-155.687,36.4,3.4,"210 km SE of Chignik, Alaska"
2026-01-13T16:58:47.892Z,56.536,-152.09,53.8,3,"104 km SE of Old Harbor, Alaska"
2026-01-11T23:37:21.349Z,61.754,-149.648,5.9,3.2,"14 km N of Meadow Lakes, Alaska"
2026-01-11T19:49:02.137Z,57.441,-154.796,64.4,3,"24 km SW of Karluk, Alaska"
2026-01-11T12:26:02.521Z,56.238,-157.481,56.4,3.1,"57 km E of Chignik, Alaska"
2026-01-10T13:30:45.955Z,56.236,-156.584,53.4,3.1,"112 km E of Chignik, Alaska"
2026-01-10T00:12:09.827Z,57.337,-154.596,42.5,3,"27 km SSW of Karluk, Alaska"
2026-01-09T22:29:44.830Z,59.547,-151.135,0,3.2,"7 km SE of Halibut Cove, Alaska"
2026-01-09T18:12:09.674Z,56.573,-156.334,70.4,3,"122 km SSE of Ugashik, Alaska"
2026-01-09T07:45:20.936Z,56.724,-156.226,60.3,3,"112 km SE of Ugashik, Alaska"
2026-01-07T21:19:23.542Z,56.126,-149.161,10,3.3,"252 km SE of Chiniak, Alaska"
2026-01-07T13:22:34.618Z,60.053,-150.106,12.4,3.6,"37 km W of Lowell Point, Alaska"
2026-01-07T06:32:16.484Z,57.836,-152.196,26.6,3.2,"13 km ENE of Kodiak, Alaska"
2026-01-07T02:36:59.103Z,60.659,-150.78,43,3.5,"13 km N of Sterling, Alaska"
2026-01-06T20:19:40.499Z,58.176,-150.934,21.6,3,"96 km ENE of Ouzinkie, Alaska"
2026-01-06T18:18:05.355Z,56.317,-149.271,10,3.1,"232 km SE of Chiniak, Alaska"
2026-01-06T12:46:01.397Z,56.01,-149.243,10,3.7,"257 km SE of Chiniak, Alaska"
2026-01-06T08:08:49.534Z,60.293,-153.728,188.8,4.5,"34 km ENE of Port Alsworth, Alaska"
2026-01-05T23:40:30.126Z,57.639,-155.588,66.3,3.2,"68 km W of Karluk, Alaska"
2026-01-05T04:46:30.925Z,56.694,-149.372,1.5,3.3,"203 km ESE of Chiniak, Alaska"
2026-01-04T20:16:42.327Z,58.496,-154.568,1.5,3.4,"103 km N of Karluk, Alaska"
2026-01-02T07:03:39.758Z,56.277,-149.297,10,3,"234 km SE of Chiniak, Alaska"
2026-01-01T16:09:07.261Z,57.424,-154.113,49.3,3,"15 km SSW of Larsen Bay, Alaska"
2026-01-01T11:18:26.139Z,54.319,-157.752,10,3.1,"198 km SSE of Perryville, Alaska"
2026-01-01T00:46:27.348Z,56.341,-148.712,10,3.8,"259 km SE of Chiniak, Alaska"
2025-12-31T20:36:21.785Z,60.048,-152.771,101.2,4,"59 km W of Happy Valley, Alaska"
2025-12-31T01:31:02.807Z,59.543,-152.553,75.4,3.5,"41 km WNW of Nanwalek, Alaska"
2025-12-28T23:44:27.753Z,57.959,-151.744,7.3,3.4,"43 km ENE of Kodiak, Alaska"
2025-12-28T22:51:30.014Z,57.944,-151.758,10.6,3.1,"42 km ENE of Kodiak, Alaska"
2025-12-28T14:29:54.664Z,56.134,-155.432,5,3,"119 km SW of Akhiok, Alaska"
2025-12-28T11:42:28.032Z,59.381,-151.711,31.1,3,"6 km S of Seldovia, Alaska"
2025-12-26T00:09:46.617Z,54.837,-157.03,13.5,4.1,"179 km SE of Perryville, Alaska"
2025-12-25T23:38:05.979Z,54.906,-156.903,10,4.5,"180 km SE of Perryville, Alaska"
2025-12-23T01:08:54.765Z,55.986,-156.763,29.6,3.3,"107 km ESE of Chignik, Alaska"
2025-12-22T22:45:13.510Z,60.877,-150.555,51.2,3.2,"8 km SE of Point Possession, Alaska"
2025-12-19T18:04:35.032Z,59.985,-151.965,65.7,3,"13 km WNW of Happy Valley, Alaska"
2025-12-17T08:22:36.022Z,61.101,-147.351,20.8,3.1,"44 km NW of Tatitlek, Alaska"
2025-12-16T23:35:25.281Z,56.379,-148.674,9.7,5,"258 km ESE of Chiniak, Alaska"
2025-12-16T21:09:42.886Z,59.285,-153.153,82.4,3.1,"70 km W of Nanwalek, Alaska"
2025-12-16T17:43:45.315Z,57.142,-157.633,7.5,3.5,"43 km SSW of Ugashik, Alaska"
2025-12-16T11:43:37.316Z,60.16,-151.837,68.1,3.4,"15 km NW of Ninilchik, Alaska"
2025-12-15T20:45:31.703Z,61.729,-147.692,24.9,3,"9 km SSW of Glacier View, Alaska"
2025-12-14T08:58:53.783Z,61.171,-151.057,51,3,"3 km NNE of Beluga, Alaska"
2025-12-13T12:47:22.654Z,59.855,-153.961,156.6,3.5,"11 km NE of Pedro Bay, Alaska"
2025-12-11T12:44:02.928Z,58.498,-156.359,185.1,3.1,"27 km SE of King Salmon, Alaska"
2025-12-10T09:11:50.909Z,61.555,-149.987,47.7,3.1,"4 km NNW of Big Lake, Alaska"
2025-12-08T21:02:39.049Z,58.586,-156.007,163.4,3,"39 km ESE of King Salmon, Alaska"
2025-12-08T14:39:43.201Z,61.609,-146.499,12.5,3.2,"44 km SSE of Nelchina, Alaska"
2025-12-07T12:22:54.689Z,54.889,-156.371,25.4,3.9,"202 km SE of Chignik, Alaska"
2025-12-07T07:27:43.278Z,59.313,-153.164,76.8,3.6,"70 km W of Nanwalek, Alaska"
2025-12-07T03:18:04.827Z,59.826,-152.964,102.8,3.6,"63 km W of Anchor Point, Alaska"
2025-12-06T21:03:57.952Z,60.962,-150.972,51.4,3.8,"14 km SE of Tyonek, Alaska"
2025-12-06T06:10:47.919Z,56.15,-149.305,10,3.3,"243 km SE of Chiniak, Alaska"
2025-12-06T01:41:22.257Z,56.134,-149.301,10,3.2,"245 km SE of Chiniak, Alaska"
2025-12-04T22:54:20.860Z,54.938,-156.913,78.3,3.5,"177 km SSE of Chignik, Alaska"
2025-12-04T19:38:35.804Z,61.257,-150.091,16.7,3.1,"11 km WNW of Anchorage, Alaska"
2025-12-04T00:38:21.818Z,56.316,-157.415,49.5,3.3,"61 km E of Chignik, Alaska"
2025-12-03T13:17:33.286Z,56.053,-157.161,28.6,4.5,"81 km ESE of Chignik, Alaska"
2025-12-02T09:26:25.414Z,59.773,-152.433,79.3,3.4,"33 km W of Anchor Point, Alaska"
2025-12-01T12:12:30.560Z,59.915,-153.503,116.3,3,"36 km ENE of Pedro Bay, Alaska"
2025-12-01T01:51:06.060Z,59.151,-150.655,24,3,"59 km SSE of Halibut Cove, Alaska"
2025-11-29T13:56:09.920Z,60.123,-151.188,55.1,3.1,"16 km SE of Clam Gulch, Alaska"
2025-11-28T17:32:31.036Z,61.588,-150.745,71.9,3.3,"13 km WNW of Susitna, Alaska"
2025-11-28T02:38:54.519Z,61.956,-152.077,106.4,3.1,"35 km W of Skwentna, Alaska"
2025-11-27T17:41:13.234Z,61.613,-150.517,47.9,3.2,"7 km N of Susitna, Alaska"
2025-11-27T17:11:29.059Z,61.57,-150.751,69.4,6,"12 km WNW of Susitna, Alaska"
2025-11-27T14:13:33.044Z,56.614,-148.794,10,3.2,"238 km ESE of Chiniak, Alaska"
2025-11-25T15:19:26.022Z,54.961,-157.665,34.1,3.4,"141 km SE of Perryville, Alaska"
2025-11-25T10:16:41.629Z,59.893,-153.112,118,3,"56 km ENE of Pedro Bay, Alaska"
2025-11-25T04:14:36.776Z,60.762,-146.985,11.4,3,"20 km SW of Tatitlek, Alaska"
2025-11-24T17:18:13.331Z,59.224,-151.454,36.1,3.3,"25 km ESE of Port Graham, Alaska"
2025-11-24T06:01:31.806Z,61.493,-149.891,28,3,"4 km SE of Big Lake, Alaska"
2025-11-24T04:14:14.477Z,61.19,-151.275,64.9,3.3,"11 km WNW of Beluga, Alaska"
2025-11-23T22:09:25.638Z,60.094,-151.413,28,3.4,"15 km ENE of Ninilchik, Alaska"
2025-11-23T20:30:18.530Z,59.283,-154.471,148.8,4.1,"24 km SE of Kokhanok, Alaska"
2025-11-23T16:28:57.076Z,59.688,-153.16,100.9,3,"54 km ESE of Pedro Bay, Alaska"
2025-11-23T12:53:53.058Z,56.279,-156.466,31.2,4.3,"120 km E of Chignik, Alaska"
2025-11-23T08:52:16.239Z,60.43,-150.855,47.3,3.1,"9 km SSW of Funny River, Alaska"
2025-11-22T15:38:56.062Z,61.195,-151.242,61.7,4.9,"10 km NW of Beluga, Alaska"
2025-11-22T03:58:33.662Z,56.246,-155.728,41.8,3.9,"123 km SW of Akhiok, Alaska"
2025-11-21T04:03:37.907Z,56.169,-151.73,10,3.1,"150 km SE of Old Harbor, Alaska"
2025-11-20T18:12:26.668Z,59.191,-154.254,144.2,3,"40 km SE of Kokhanok, Alaska"
2025-11-19T22:17:47.692Z,56.535,-149.048,10,3.1,"229 km ESE of Chiniak, Alaska"
2025-11-19T16:07:22.292Z,57.116,-155.759,13.5,3.3,"93 km WSW of Karluk, Alaska"
2025-11-18T21:57:18.667Z,59.892,-152.82,89.1,3,"56 km WNW of Anchor Point, Alaska"
2025-11-15T20:40:13.942Z,60.267,-152.186,93.6,3.2,"37 km NW of Ninilchik, Alaska"
2025-11-12T14:37:51.552Z,55.592,-157.392,29.4,4.4,"100 km SE of Chignik, Alaska"
2025-11-12T05:25:38.562Z,61.074,-150.715,4.3,3.7,"16 km N of Point Possession, Alaska"
2025-11-10T23:30:25.997Z,58.82,-153.203,60.6,3,"86 km NNW of Aleneva, Alaska"
2025-11-10T04:19:48.622Z,60.226,-153.944,203.4,3,"20 km E of Port Alsworth, Alaska"
2025-11-10T02:09:29.651Z,60.073,-152.704,105.2,3.7,"55 km WNW of Happy Valley, Alaska"
2025-11-09T14:29:04.182Z,57.774,-154.905,61,3.3,"35 km NW of Karluk, Alaska"
2025-11-07T14:33:08.540Z,60.303,-153.417,170,3,"51 km ENE of Port Alsworth, Alaska"
2025-11-06T19:45:55.991Z,57.346,-151.137,18.6,3.5,"74 km ESE of Chiniak, Alaska"
2025-11-06T10:59:47.245Z,61.021,-150.948,19.9,3.2,"11 km ESE of Tyonek, Alaska"
2025-11-05T10:18:07.537Z,57.061,-150.459,35.2,3,"125 km ESE of Chiniak, Alaska"
2025-10-31T18:26:01.544Z,59.655,-150.321,21.2,3.2,"42 km ESE of Fox River, Alaska"
2025-10-31T09:37:12.975Z,59.659,-150.387,20.6,3.1,"39 km SE of Fox River, Alaska"
2025-10-30T17:33:14.566Z,59.631,-150.233,23.6,5.4,"48 km ESE of Fox River, Alaska"
2025-10-29T19:12:09.224Z,57.325,-153.628,28.9,3.6,"23 km NW of Old Harbor, Alaska"
2025-10-26T15:13:28.441Z,57.826,-154.299,54.7,3.1,"30 km NNE of Karluk, Alaska"
2025-10-24T20:03:26.351Z,61.884,-151.243,66.5,4.6,"14 km SE of Skwentna, Alaska"
2025-10-24T19:05:16.572Z,58.363,-153.764,72.1,3,"60 km WNW of Aleneva, Alaska"
2025-10-23T13:29:44.418Z,56.188,-149.379,14.1,3.5,"237 km SE of Chiniak, Alaska"
2025-10-21T23:46:11.372Z,57.648,-155.393,0,3.5,"56 km W of Karluk, Alaska"
2025-10-21T19:26:51.955Z,56.333,-154.144,56.7,3.1,"68 km S of Akhiok, Alaska"
2025-10-16T16:39:39.528Z,58.197,-156.288,152.5,3.9,"58 km SSE of King Salmon, Alaska"
2025-10-16T07:34:15.007Z,57.661,-152.53,34.9,3.2,"8 km ESE of Womens Bay, Alaska"
2025-10-15T03:30:44.862Z,61.729,-147.456,27,4,"13 km SE of Glacier View, Alaska"
2025-10-14T18:41:59.150Z,56.602,-150.021,10,3.2,"177 km SE of Chiniak, Alaska"
2025-10-13T16:51:16.956Z,60.198,-153.707,188.4,4.1,"33 km E of Port Alsworth, Alaska"
2025-10-13T02:52:30.772Z,60.22,-150.783,45.9,4.2,"30 km ESE of Kasilof, Alaska"
2025-10-12T13:28:53.828Z,57.434,-153.129,33.3,3,"27 km NNE of Old Harbor, Alaska"
2025-10-11T18:18:46.038Z,60.709,-147.396,13.8,3.5,"42 km WSW of Tatitlek, Alaska"
2025-10-11T12:29:18.436Z,61.034,-151.375,57.1,3.1,"13 km WSW of Tyonek, Alaska"
2025-10-09T09:24:17.609Z,61.61,-149.889,38.1,3.7,"4 km WSW of Houston, Alaska"
2025-10-08T14:27:26.287Z,55.675,-153.884,10.1,3.3,"142 km S of Akhiok, Alaska"
2025-10-08T07:33:55.816Z,59.491,-152.813,94,4,"52 km WNW of Nanwalek, Alaska"
2025-10-07T23:46:48.352Z,56.35,-156.584,36.7,3.1,"112 km E of Chignik, Alaska"
2025-10-07T22:48:21.700Z,58.22,-150.765,37.4,3.3,"107 km ENE of Ouzinkie, Alaska"
2025-10-04T12:30:39.810Z,60.758,-148.331,8.8,3,"19 km E of Whittier, Alaska"
2025-10-02T15:29:27.919Z,57.646,-155.345,1.4,3.1,"53 km W of Karluk, Alaska"
2025-10-02T07:13:49.062Z,57.63,-155.403,3.9,4.6,"57 km W of Karluk, Alaska"
2025-10-01T20:22:28.235Z,59.823,-150.846,35,3.5,"7 km ESE of Fox River, Alaska"
2025-09-30T13:40:27.266Z,61.232,-147.697,12,3.3,"64 km S of Glacier View, Alaska"
2025-09-28T19:21:45.300Z,59.845,-153.545,130.1,3.5,"32 km ENE of Pedro Bay, Alaska"
2025-09-26T01:53:00.093Z,56.412,-156.556,10.1,3.3,"114 km E of Chignik, Alaska"
2025-09-25T09:55:04.317Z,58.743,-154.818,73.1,3,"77 km S of Kokhanok, Alaska"
2025-09-24T09:51:49.892Z,56.425,-156.338,50,3.1,"128 km E of Chignik, Alaska"
2025-09-24T07:05:04.515Z,56.354,-156.562,44.5,4.6,"114 km E of Chignik, Alaska"
2025-09-21T16:54:58.016Z,60.424,-143.478,7.1,3.1,"116 km SSW of McCarthy, Alaska"
2025-09-20T01:36:13.569Z,60.175,-152.933,123.7,3.5,"71 km WNW of Happy Valley, Alaska"
2025-09-17T07:52:04.414Z,56.166,-151.947,10,3.2,"142 km SE of Old Harbor, Alaska"
2025-09-17T07:42:30.315Z,56.326,-152.164,10,3,"120 km SE of Old Harbor, Alaska"
2025-09-17T06:35:40.812Z,56.345,-152.176,11.8,4.6,"117 km SE of Old Harbor, Alaska"
2025-09-16T15:47:01.371Z,60.017,-153.457,143.8,3.7,"44 km NE of Pedro Bay, Alaska"
2025-09-16T08:39:04.023Z,59.262,-151.805,34.4,3.1,"10 km S of Port Graham, Alaska"
2025-09-15T21:37:19.210Z,56.172,-153.122,17.5,3.3,"107 km SE of Akhiok, Alaska"
2025-09-14T08:33:29.113Z,59.603,-151.924,50,3.1,"20 km SSW of Anchor Point, Alaska"
2025-09-13T01:17:31.085Z,57.052,-154.445,34.3,3,"20 km NW of Akhiok, Alaska"
2025-09-12T20:20:50.605Z,54.852,-156.137,57.2,3.4,"215 km SE of Chignik, Alaska"
2025-09-12T02:10:58.482Z,59.807,-153.228,118.7,3,"49 km E of Pedro Bay, Alaska"
2025-09-09T15:54:38.395Z,60.118,-152.715,110.1,3,"58 km WNW of Happy Valley, Alaska"
2025-09-09T01:52:46.854Z,56.085,-153.192,23.2,3,"113 km SSE of Akhiok, Alaska"
2025-09-08T19:33:48.323Z,56.113,-153.126,20.1,3.4,"112 km SE of Akhiok, Alaska"
2025-09-06T15:04:18.447Z,58.274,-155.329,0,3.4,"90 km ESE of King Salmon, Alaska"
2025-09-04T12:35:31.615Z,60.108,-150.814,50.3,3,"28 km NNE of Fox River, Alaska"
2025-09-04T08:27:30.955Z,56.189,-152.23,20.3,3.3,"130 km SSE of Old Harbor, Alaska"
2025-09-03T12:52:37.090Z,56.282,-152.19,10,3.4,"123 km SSE of Old Harbor, Alaska"
2025-09-03T11:59:16.483Z,56.314,-152.302,24.8,3.5,"116 km SSE of Old Harbor, Alaska"
2025-09-03T09:45:47.691Z,56.164,-152.177,25.1,3.1,"134 km SSE of Old Harbor, Alaska"
2025-09-01T22:40:44.412Z,56.266,-152.149,9.7,3,"126 km SSE of Old Harbor, Alaska"
2025-09-01T22:31:14.632Z,61.751,-149.526,54.7,3.2,"14 km NNE of Meadow Lakes, Alaska"
2025-09-01T19:19:10.795Z,56.268,-152.173,11.1,4.6,"125 km SSE of Old Harbor, Alaska"
2025-09-01T19:18:58.322Z,56.118,-152.078,18.2,4.2,"142 km SSE of Old Harbor, Alaska"
2025-09-01T19:17:29.486Z,56.211,-152.191,11.8,3.3,"129 km SSE of Old Harbor, Alaska"
2025-09-01T19:09:50.920Z,56.17,-152.082,11.9,4.5,"137 km SSE of Old Harbor, Alaska"
2025-09-01T18:38:39.166Z,56.242,-152.007,11.9,3.2,"133 km SE of Old Harbor, Alaska"
2025-09-01T17:57:42.145Z,56.428,-152.11,11.8,3.2,"113 km SE of Old Harbor, Alaska"
2025-09-01T15:20:32.518Z,56.287,-152.137,11.9,3.2,"124 km SE of Old Harbor, Alaska"
2025-09-01T13:48:18.602Z,56.29,-152.044,11.9,3.3,"127 km SE of Old Harbor, Alaska"
2025-09-01T11:45:47.630Z,56.289,-152.031,10.5,4.9,"128 km SE of Old Harbor, Alaska"
2025-09-01T11:21:01.156Z,56.377,-152,12,3.3,"Kodiak Island region, Alaska"
2025-09-01T11:16:42.553Z,56.377,-152.066,12,3.2,"119 km SE of Old Harbor, Alaska"
2025-09-01T11:15:12.899Z,56.303,-152.135,11.6,3.1,"123 km SE of Old Harbor, Alaska"
2025-09-01T11:08:50.285Z,56.368,-152.169,11.6,4.6,"116 km SE of Old Harbor, Alaska"
2025-09-01T11:07:24.770Z,56.196,-152.08,11.6,4.7,"134 km SSE of Old Harbor, Alaska"
2025-09-01T11:02:09.766Z,56.248,-151.974,12,5.6,"133 km SE of Old Harbor, Alaska"
2025-08-31T16:05:17.257Z,57.469,-153.302,41.9,3,"29 km N of Old Harbor, Alaska"
2025-08-30T04:00:00.742Z,56.05,-149.608,10,3.1,"238 km SE of Chiniak, Alaska"
2025-08-30T01:45:12.359Z,61.679,-146.444,14.5,3.3,"38 km SSE of Nelchina, Alaska"
2025-08-28T11:54:02.985Z,55.58,-153.994,11.8,3.2,"152 km S of Akhiok, Alaska"
2025-08-24T08:30:05.272Z,56.546,-149.115,29.6,3.1,"225 km ESE of Chiniak, Alaska"
2025-08-23T16:23:17.894Z,60.321,-153.154,143.6,3.7,"65 km E of Port Alsworth, Alaska"
2025-08-17T06:50:12.708Z,61.439,-150.601,51.5,3.5,"12 km SSW of Susitna, Alaska"
2025-08-15T01:22:03.403Z,56.439,-148.781,10,3.2,"249 km ESE of Chiniak, Alaska"
2025-08-13T23:05:36.211Z,59.921,-153.142,113.6,3.5,"56 km ENE of Pedro Bay, Alaska"
2025-08-12T17:17:34.410Z,55.942,-149.867,10,3,"237 km SE of Chiniak, Alaska"
2025-08-10T14:11:52.252Z,56.497,-148.599,10,3,"255 km ESE of Chiniak, Alaska"
2025-08-09T00:36:07.799Z,54.604,-156.697,11.7,3.5,"213 km SE of Perryville, Alaska"
2025-08-09T00:09:49.905Z,54.585,-156.677,11.8,3.2,"215 km SE of Perryville, Alaska"
2025-08-08T22:57:01.476Z,60.046,-152.327,71.1,3.2,"34 km WNW of Happy Valley, Alaska"
2025-08-08T11:33:27.945Z,61.858,-147.038,27.8,3.2,"11 km SE of Eureka Roadhouse, Alaska"
2025-08-07T23:45:24.758Z,60.024,-151.434,46.8,4,"13 km ESE of Ninilchik, Alaska"
2025-08-06T23:30:10.365Z,59.883,-152.885,95.4,3.4,"60 km W of Anchor Point, Alaska"
2025-08-06T01:19:35.669Z,61.892,-150.995,10.7,3,"23 km ESE of Skwentna, Alaska"
2025-08-05T17:43:30.096Z,56.567,-149.357,10,3.1,"212 km SE of Chiniak, Alaska"
2025-08-04T14:53:34.441Z,56.783,-154.267,43.3,3.2,"18 km SSW of Akhiok, Alaska"
2025-08-03T17:30:36.640Z,60.2,-152.663,101.3,3.4,"57 km WNW of Ninilchik, Alaska"
2025-08-03T10:45:14.971Z,61.705,-151.743,91.9,3.2,"36 km SSW of Skwentna, Alaska"
2025-08-01T18:19:31.340Z,61.982,-150.823,62.2,3.2,"30 km E of Skwentna, Alaska"
2025-07-31T03:00:11.506Z,61.244,-150.155,49.5,3.1,"13 km WNW of Anchorage, Alaska"
2025-07-30T10:43:53.877Z,54.696,-156.802,25,3,"201 km SE of Perryville, Alaska"
2025-07-30T05:30:58.595Z,56.538,-148.666,10,3.2,"249 km ESE of Chiniak, Alaska"
2025-07-29T21:19:00.377Z,59.909,-152.415,86.6,3,"35 km WNW of Anchor Point, Alaska"
2025-07-27T18:20:16.528Z,58.226,-151.489,30.2,3.2,"68 km ENE of Ouzinkie, Alaska"
2025-07-27T13:09:23.569Z,59.592,-153.263,107,4,"52 km ESE of Pedro Bay, Alaska"
2025-07-25T11:08:50.124Z,59.668,-151.633,61.4,3.6,"4 km WSW of Diamond Ridge, Alaska"
2025-07-24T13:23:24.084Z,61.662,-149.651,52.1,3.2,"4 km NNW of Meadow Lakes, Alaska"
2025-07-24T13:07:44.811Z,58.789,-151.208,7,3,"72 km SSE of Port Graham, Alaska"
2025-07-22T18:31:17.093Z,59.079,-153.096,72.7,3.1,"73 km WSW of Nanwalek, Alaska"
2025-07-22T15:41:54.936Z,59.839,-150.717,36.1,3.5,"13 km E of Fox River, Alaska"
2025-07-22T13:45:37.313Z,60.612,-150.474,43.7,3.4,"17 km ENE of Sterling, Alaska"
2025-07-21T11:02:42.384Z,54.769,-156.847,9.2,3,"193 km SE of Perryville, Alaska"
2025-07-19T19:34:44.541Z,60.935,-146.909,20,4,"14 km WNW of Tatitlek, Alaska"
2025-07-17T17:39:44.715Z,54.956,-156.255,27.9,3.1,"201 km SE of Chignik, Alaska"
2025-07-16T09:21:42.611Z,56.152,-149.061,10,3.4,"254 km SE of Chiniak, Alaska"
2025-07-15T16:52:20.153Z,60.228,-153.301,132.6,3.4,"56 km E of Port Alsworth, Alaska"
2025-07-14T12:18:02.080Z,59.901,-153.504,134.5,4.3,"36 km ENE of Pedro Bay, Alaska"
2025-07-13T23:13:11.660Z,56.735,-156.184,64.4,3.1,"113 km SE of Ugashik, Alaska"
2025-07-08T15:44:50.990Z,61.683,-149.674,37.3,3.2,"7 km NNW of Meadow Lakes, Alaska"
2025-07-08T09:56:43.940Z,57.273,-149.096,10.8,3.1,"195 km ESE of Chiniak, Alaska"
2025-07-07T19:59:54.960Z,56.508,-148.433,10,3.1,"263 km ESE of Chiniak, Alaska"
2025-07-05T18:15:07.054Z,60.024,-152.468,100.1,4.5,"41 km WNW of Happy Valley, Alaska"
2025-07-03T22:57:24.957Z,58.615,-150.272,33,3.4,"121 km SE of Port Graham, Alaska"
2025-07-03T22:40:12.802Z,61.843,-151.771,99.9,4.4,"25 km SW of Skwentna, Alaska"
2025-07-03T17:19:46.340Z,59.136,-151.571,57.4,3.9,"28 km SSE of Port Graham, Alaska"
2025-06-30T16:07:30.890Z,61.132,-150.575,60.5,3,"24 km NNE of Point Possession, Alaska"
2025-06-29T13:21:06.600Z,61.891,-150.92,12.7,3.1,"27 km ESE of Skwentna, Alaska"
2025-06-29T07:22:46.536Z,61.739,-151.408,78,3.2,"28 km S of Skwentna, Alaska"
2025-06-29T02:03:40.310Z,60.309,-152.298,90.3,3.3,"45 km NW of Ninilchik, Alaska"
2025-06-28T22:18:22.116Z,60.3,-152.589,96,3,"58 km WNW of Ninilchik, Alaska"
2025-06-27T01:42:07.059Z,55.392,-156.048,16.3,3,"178 km SE of Chignik, Alaska"
2025-06-26T14:58:12.608Z,56.249,-156.546,53.8,3.1,"115 km E of Chignik, Alaska"
2025-06-25T19:02:58.320Z,59.744,-153.109,104.2,3.2,"56 km E of Pedro Bay, Alaska"
2025-06-23T04:05:43.796Z,55.667,-149.219,15.9,3.4,"286 km SE of Chiniak, Alaska"
2025-06-22T22:07:06.085Z,61.695,-151.78,94,3.6,"38 km SSW of Skwentna, Alaska"
2025-06-20T21:01:07.621Z,60.157,-153.004,121.3,3,"72 km E of Port Alsworth, Alaska"
2025-06-18T17:22:47.309Z,54.92,-156.276,11.2,3,"203 km SE of Chignik, Alaska"
2025-06-18T02:13:31.379Z,57.234,-155.411,51.8,3.2,"68 km WSW of Karluk, Alaska"
2025-06-17T19:13:36.451Z,61.418,-148.008,20.6,3.4,"47 km SSW of Glacier View, Alaska"
2025-06-16T10:17:37.048Z,59.906,-153.305,130.5,3.1,"46 km ENE of Pedro Bay, Alaska"
2025-06-15T06:36:16.559Z,61.499,-146.574,14.5,3,"42 km NNW of Valdez, Alaska"
2025-06-14T15:53:37.771Z,56.672,-148.064,10,3,"275 km ESE of Chiniak, Alaska"
2025-06-13T19:17:06.303Z,60.127,-153.428,160.7,4.3,"50 km E of Port Alsworth, Alaska"
2025-06-12T21:58:53.565Z,60.437,-143.195,10,3.3,"112 km S of McCarthy, Alaska"
2025-06-10T16:23:16.294Z,61.05,-151.142,69.4,3.3,"2 km S of Tyonek, Alaska"
2025-06-10T12:28:19.897Z,61.902,-150.948,15.5,3.9,"25 km ESE of Skwentna, Alaska"
2025-06-09T02:56:03.178Z,55.153,-157.617,15.3,3,"128 km SE of Perryville, Alaska"
2025-06-07T16:17:10.344Z,60.077,-153.241,129.4,3,"58 km ENE of Pedro Bay, Alaska"
2025-06-07T07:11:55.012Z,61.609,-146.354,14.1,3,"47 km SSE of Nelchina, Alaska"
2025-06-04T18:24:18.609Z,60.571,-151.595,86.9,3.2,"15 km WSW of Salamatof, Alaska"
2025-05-31T18:49:53.850Z,59.95,-153.038,120.4,3.6,"62 km ENE of Pedro Bay, Alaska"
2025-05-27T17:50:06.759Z,56.371,-157.933,84.8,3.3,"30 km ENE of Chignik, Alaska"
2025-05-27T16:46:54.320Z,59.351,-152.864,71.3,3.2,"53 km W of Nanwalek, Alaska"
2025-05-27T03:14:05.620Z,60.289,-153.512,175.6,3.7,"45 km ENE of Port Alsworth, Alaska"
2025-05-26T21:25:57.364Z,59.186,-152.488,62,3.1,"37 km WSW of Nanwalek, Alaska"
2025-05-25T18:43:46.571Z,59.076,-153.854,100,3,"64 km SE of Pope-Vannoy Landing, Alaska"
2025-05-23T19:36:36.887Z,54.961,-156.267,5.2,4.6,"200 km SE of Chignik, Alaska"
2025-05-23T18:53:28.412Z,61.621,-151.541,79.7,3.1,"41 km S of Skwentna, Alaska"
2025-05-23T07:21:59.024Z,59.37,-152.483,81.3,3.5,"32 km W of Nanwalek, Alaska"
2025-05-22T21:42:26.985Z,58.325,-155.934,11.5,3.2,"58 km SE of King Salmon, Alaska"
2025-05-20T19:50:07.641Z,56.163,-149.908,10,3.2,"216 km SE of Chiniak, Alaska"
2025-05-20T15:51:23.942Z,61.791,-150.059,34.3,3,"5 km NNW of Willow, Alaska"
2025-05-20T01:26:14.081Z,59.869,-153.318,121.5,3.3,"45 km ENE of Pedro Bay, Alaska"
2025-05-19T23:43:45.570Z,57.327,-156.719,106.1,3.5,"45 km ESE of Ugashik, Alaska"
2025-05-19T09:21:31.753Z,57.199,-155.386,55.2,3,"69 km SW of Karluk, Alaska"
2025-05-18T09:55:46.439Z,58.082,-149.229,2.2,4.5,"188 km ENE of Chiniak, Alaska"
2025-05-17T10:46:54.332Z,59.63,-150.523,41.9,3.9,"35 km SE of Fox River, Alaska"
2025-05-16T23:37:59.156Z,61.388,-146.553,9.1,3,"30 km NNW of Valdez, Alaska"
2025-05-16T19:43:53.816Z,57.689,-152.442,31.1,3.5,"11 km S of Kodiak, Alaska"
2025-05-15T17:01:22.130Z,57.173,-157.677,5.4,3.2,"41 km SSW of Ugashik, Alaska"
2025-05-14T22:30:34.838Z,61.467,-151.271,74.9,3.6,"37 km NNW of Beluga, Alaska"
2025-05-13T12:12:03.665Z,56.891,-154.827,3.9,3.8,"40 km W of Akhiok, Alaska"
2025-05-12T23:52:43.986Z,56.957,-154.867,2.6,3.6,"42 km W of Akhiok, Alaska"
2025-05-12T22:02:19.562Z,56.988,-154.928,9.3,3.1,"46 km W of Akhiok, Alaska"
2025-05-12T17:35:30.856Z,60.945,-147.462,24.9,3.3,"43 km WNW of Tatitlek, Alaska"
2025-05-12T09:28:37.139Z,61.474,-149.362,29.7,3.1,"12 km SSE of Wasilla, Alaska"
2025-05-11T07:45:31.589Z,58.272,-154.969,106.5,3.8,"83 km NNW of Karluk, Alaska"
2025-05-09T02:28:52.523Z,54.612,-156.417,8.8,4.5,"225 km SSE of Chignik, Alaska"
2025-05-08T19:08:06.958Z,54.939,-156.431,2.8,3,"195 km SE of Chignik, Alaska"
2025-05-08T06:10:51.396Z,60.226,-152.895,121,3.2,"70 km WNW of Ninilchik, Alaska"
2025-05-06T23:28:01.603Z,60.755,-150.043,38.8,3.8,"28 km SW of Hope, Alaska"
2025-05-06T18:18:24.255Z,56.282,-149.433,10,3.3,"227 km SE of Chiniak, Alaska"
2025-05-06T01:26:00.912Z,60.072,-153.444,151.8,3,"48 km NE of Pedro Bay, Alaska"
2025-05-03T00:56:37.689Z,59.584,-153.742,128.6,3.1,"30 km SE of Pedro Bay, Alaska"
2025-05-03T00:46:26.993Z,58.115,-156.352,10.3,3.3,"61 km E of Egegik, Alaska"
2025-05-01T10:04:29.745Z,61.898,-150.984,72.9,3.7,"24 km ESE of Skwentna, Alaska"
2025-04-30T03:58:52.725Z,59.709,-152.752,86.2,4.1,"52 km W of Anchor Point, Alaska"
2025-04-30T02:14:40.727Z,60.238,-152.675,107.6,4,"59 km WNW of Ninilchik, Alaska"
2025-04-29T21:06:55.687Z,60.011,-153.518,147.2,3,"41 km NE of Pedro Bay, Alaska"
2025-04-29T08:03:40.871Z,60.738,-150.042,41.5,4.5,"29 km SW of Hope, Alaska"
2025-04-28T13:32:58.182Z,57.924,-156.794,157.2,3.2,"47 km SE of Egegik, Alaska"
2025-04-27T08:25:01.071Z,55.057,-157.48,0.5,3.5,"141 km SE of Perryville, Alaska"
2025-04-26T19:54:53.757Z,60.044,-151.733,62.1,4.2,"3 km WSW of Ninilchik, Alaska"
2025-04-26T16:51:02.136Z,56.138,-149.661,14.5,3.3,"229 km SE of Chiniak, Alaska"
2025-04-25T19:17:03.543Z,58.121,-153.188,44.3,4.6,"17 km WNW of Aleneva, Alaska"
2025-04-25T11:13:15.589Z,57.41,-154.072,13.1,3.2,"15 km SSW of Larsen Bay, Alaska"
2025-04-24T15:14:18.163Z,58.02,-151.326,21.4,4.4,"68 km ENE of Kodiak, Alaska"
2025-04-23T00:24:51.298Z,61.797,-150.11,40.8,4.5,"6 km NW of Willow, Alaska"
2025-04-22T15:21:44.820Z,56.317,-149.307,18.1,3.2,"231 km SE of Chiniak, Alaska"
2025-04-19T13:32:31.127Z,56.269,-149.402,10,3,"230 km SE of Chiniak, Alaska"
2025-04-19T13:01:27.428Z,60.219,-151.927,80.8,3.9,"23 km NW of Ninilchik, Alaska"
2025-04-19T07:18:55.500Z,61.159,-151.474,90.5,4.5,"20 km WNW of Tyonek, Alaska"
2025-04-17T18:28:46.823Z,59.735,-154,159.5,3.5,"8 km SE of Pedro Bay, Alaska"
2025-04-16T01:39:25.306Z,56.338,-148.969,10,3.3,"246 km SE of Chiniak, Alaska"
2025-04-13T22:59:29.981Z,58.432,-152.628,53.4,4.2,"44 km NNE of Aleneva, Alaska"
2025-04-13T21:42:41.003Z,57.963,-154.016,56.8,3.2,"47 km N of Larsen Bay, Alaska"
2025-04-13T19:56:56.675Z,59.419,-152.03,58.2,3,"9 km NW of Nanwalek, Alaska"
2025-04-12T07:18:26.704Z,59.712,-152.645,94.5,3,"46 km W of Anchor Point, Alaska"
2025-04-11T11:34:43.914Z,55.128,-157.055,23.1,3.1,"155 km SSE of Chignik, Alaska"
2025-04-11T01:57:33.379Z,56.62,-155.865,13,3,"109 km WSW of Akhiok, Alaska"
2025-04-10T20:40:38.462Z,59.972,-151.458,56.6,3.3,"14 km SE of Ninilchik, Alaska"
2025-04-07T13:35:24.306Z,58.245,-143.481,10,3.2,"260 km SW of Yakutat, Alaska"
2025-04-07T12:44:14.353Z,59.701,-153.673,145.6,3.3,"26 km ESE of Pedro Bay, Alaska"
2025-04-03T04:10:14.942Z,56.066,-156.498,45.2,3.1,"121 km ESE of Chignik, Alaska"
2025-04-02T11:29:30.134Z,58.957,-154.494,128.3,3.1,"56 km SSE of Kokhanok, Alaska"
2025-04-01T04:09:48.646Z,58.12,-156.363,7.6,3.4,"60 km E of Egegik, Alaska"
2025-04-01T04:08:23.346Z,58.135,-156.385,6.6,3.9,"58 km E of Egegik, Alaska"
2025-04-01T04:04:36.944Z,58.12,-156.378,12.7,5.1,"59 km E of Egegik, Alaska"
2025-03-30T23:55:49.845Z,55.922,-149.225,12.6,3.4,"265 km SE of Chiniak, Alaska"
2025-03-29T20:00:41.591Z,54.998,-157.779,16.9,3.4,"133 km SE of Perryville, Alaska"
2025-03-25T18:40:54.735Z,61.645,-146.412,7.9,3.6,"42 km SSE of Nelchina, Alaska"
2025-03-24T22:36:46.619Z,59.8,-153.436,127.5,3,"37 km E of Pedro Bay, Alaska"
2025-03-23T11:23:56.142Z,56.225,-149.311,10,3.2,"237 km SE of Chiniak, Alaska"
2025-03-22T01:40:47.030Z,61.661,-148.799,31.2,3.4,"8 km ENE of Lazy Mountain, Alaska"
2025-03-20T09:51:34.094Z,59.798,-152.519,92.1,3,"38 km W of Anchor Point, Alaska"
2025-03-18T05:53:00.268Z,60.193,-146.724,21.8,3.2,"66 km SW of Cordova, Alaska"
2025-03-17T11:19:54.873Z,58.611,-156.562,227.1,3.2,"10 km SE of King Salmon, Alaska"
2025-03-11T19:37:12.400Z,60.037,-153.179,134.3,3.3,"58 km ENE of Pedro Bay, Alaska"
2025-03-09T22:48:27.155Z,56.066,-149.554,10,3.3,"239 km SE of Chiniak, Alaska"
2025-03-09T20:35:06.929Z,54.729,-156.837,1.7,3.2,"196 km SE of Perryville, Alaska"
2025-03-09T13:37:51.340Z,58.562,-142.689,10,3,"202 km SW of Yakutat, Alaska"
2025-03-09T03:31:31.190Z,60.705,-147.101,20.2,3.1,"29 km SW of Tatitlek, Alaska"
2025-03-09T00:42:11.122Z,61.406,-146.467,14.9,3.2,"31 km NNW of Valdez, Alaska"
2025-03-07T19:39:57.562Z,61.863,-149.583,40.3,3.3,"22 km NW of Fishhook, Alaska"
2025-03-06T22:42:40.348Z,59.816,-152.954,104.2,4.5,"63 km W of Anchor Point, Alaska"
2025-03-05T06:14:39.539Z,61.391,-149.962,40.7,3.5,"3 km NNE of Point MacKenzie, Alaska"
2025-03-03T10:08:28.200Z,61.894,-151.146,82.2,3,"17 km SE of Skwentna, Alaska"
2025-03-02T07:42:12.328Z,58.93,-152.154,51.9,3,"49 km SSW of Nanwalek, Alaska"
2025-02-27T23:26:16.786Z,60.76,-151.879,84.8,3.4,"33 km WNW of Nikiski, Alaska"
2025-02-24T11:50:43.775Z,58.326,-152.773,40.8,3,"30 km NNE of Aleneva, Alaska"
2025-02-22T08:58:42.265Z,60.103,-150.565,36.8,3.3,"34 km NE of Fox River, Alaska"
2025-02-21T04:14:39.822Z,59.914,-153.097,117.3,3.2,"58 km ENE of Pedro Bay, Alaska"
2025-02-19T20:11:57.164Z,58.177,-156.342,7.6,3,"59 km SSE of King Salmon, Alaska"
2025-02-18T08:22:03.015Z,59.832,-152.884,104.6,3.3,"59 km W of Anchor Point, Alaska"
2025-02-17T03:04:53.691Z,55.874,-155.59,4.1,3,"147 km SW of Akhiok, Alaska"
2025-02-13T23:59:27.899Z,55.615,-154.918,13.3,5.7,"155 km SSW of Akhiok, Alaska"
2025-02-13T20:52:16.551Z,60.415,-152.045,87.4,3.5,"41 km W of Cohoe, Alaska"
2025-02-13T15:05:27.122Z,55.589,-154.852,11.8,3.2,"156 km SSW of Akhiok, Alaska"
2025-02-13T05:06:25.793Z,55.299,-143.159,10,3.2,Gulf of Alaska
2025-02-11T14:23:30.274Z,55.621,-149.128,21.1,3.3,"294 km SE of Chiniak, Alaska"
2025-02-11T07:11:21.401Z,56.418,-148.455,10,3.1,"267 km ESE of Chiniak, Alaska"
2025-02-09T07:29:48.340Z,57.453,-150.152,11.9,3.3,"128 km E of Chiniak, Alaska"
2025-02-09T03:40:48.940Z,59.45,-152.682,70.1,3.1,"44 km WNW of Nanwalek, Alaska"
2025-02-08T03:02:31.640Z,60.535,-149.654,57.2,3,"10 km ENE of Cooper Landing, Alaska"
2025-02-07T21:23:07.205Z,59.934,-152.435,77.6,3.6,"38 km WNW of Anchor Point, Alaska"
2025-02-07T06:52:53.058Z,60.704,-148.759,36.5,3,"8 km SSW of Whittier, Alaska"
2025-02-06T19:56:52.133Z,60.608,-150.416,41.8,3.4,"20 km ENE of Sterling, Alaska"
2025-02-06T19:27:28.898Z,55.701,-155.225,9.5,3.1,"153 km SSW of Akhiok, Alaska"
2025-02-06T00:18:02.555Z,61.004,-150.389,53.2,3,"18 km ENE of Point Possession, Alaska"
2025-02-06T00:18:02.016Z,61.02,-150.385,48,3.2,"19 km ENE of Point Possession, Alaska"
2025-02-05T08:07:09.800Z,61.341,-150.722,5.1,4.1,"25 km SSW of Susitna, Alaska"
2025-02-04T15:10:34.230Z,60.184,-152.251,93.6,3,"35 km WNW of Ninilchik, Alaska"
2025-02-04T07:51:13.996Z,55.133,-155.04,27.6,4.6,"208 km SSW of Akhiok, Alaska"
2025-02-02T21:21:20.240Z,55.148,-156.933,16.8,3.6,"157 km SE of Chignik, Alaska"
2025-01-31T23:48:32.250Z,58.49,-156.619,199.7,3.5,"22 km S of King Salmon, Alaska"
2025-01-30T15:33:28.740Z,54.24,-157.049,6.6,3.1,"229 km SE of Perryville, Alaska"
2025-01-30T13:44:19.116Z,57.902,-157.107,10,3.2,"38 km SSE of Egegik, Alaska"
2025-01-29T18:59:03.806Z,57.432,-152.533,18.4,3,"24 km SW of Chiniak, Alaska"
2025-01-29T08:54:07.598Z,57.067,-155.046,20.2,3,"54 km WNW of Akhiok, Alaska"
2025-01-29T03:33:29.568Z,59.312,-153.338,88.7,3,"68 km SE of Pedro Bay, Alaska"
2025-01-28T07:40:58.129Z,59.413,-153.35,97.9,3.2,"59 km SE of Pedro Bay, Alaska"
2025-01-27T09:44:27.869Z,56.357,-148.748,10,3.4,"256 km SE of Chiniak, Alaska"
2025-01-26T02:39:36.259Z,55.548,-157.228,5.1,3.4,"110 km SE of Chignik, Alaska"
2025-01-20T13:55:57.841Z,61.778,-147.052,28.8,3.3,"18 km SSE of Eureka Roadhouse, Alaska"
2025-01-20T11:20:46.882Z,59.96,-153.016,117.6,3.5,"64 km ENE of Pedro Bay, Alaska"
2025-01-19T04:15:08.128Z,57.964,-156.414,151.9,3.1,"63 km ESE of Egegik, Alaska"
2025-01-19T01:09:46.032Z,55.419,-154.897,7.5,3.3,"175 km SSW of Akhiok, Alaska"
2025-01-18T11:33:47.975Z,56.397,-156.326,46,3,"128 km E of Chignik, Alaska"
2025-01-18T08:53:30.861Z,56.24,-149.3,10,3.4,"237 km SE of Chiniak, Alaska"
2025-01-17T12:37:55.655Z,55.167,-156.689,6.9,4.3,"165 km SE of Chignik, Alaska"
2025-01-17T02:29:52.102Z,56.161,-149.901,10,3.1,"217 km SE of Chiniak, Alaska"
2025-01-17T01:09:30.205Z,61.833,-150.027,44,3.2,"9 km N of Willow, Alaska"
2025-01-16T23:24:12.883Z,61.333,-146.96,7.5,4,"39 km NW of Valdez, Alaska"
2025-01-16T16:47:45.736Z,55.616,-156.042,21.9,3.3,"165 km ESE of Chignik, Alaska"
2025-01-15T14:57:59.970Z,56.266,-150.029,10,3.2,"203 km SE of Chiniak, Alaska"
2025-01-12T22:38:03.564Z,60.864,-152.172,109.3,3,"51 km WNW of Nikiski, Alaska"
2025-01-11T00:15:41.832Z,54.615,-156.742,9,3,"210 km SE of Perryville, Alaska"
2025-01-10T00:17:25.435Z,57.896,-157.026,8.9,3.9,"41 km SSE of Egegik, Alaska"
2025-01-09T05:30:18.132Z,56.32,-149.789,10,3.2,"208 km SE of Chiniak, Alaska"
2025-01-08T21:13:20.869Z,58.645,-156.288,191.9,3,"22 km ESE of King Salmon, Alaska"
2025-01-08T15:15:23.455Z,55.8,-157.915,30,3.3,"62 km SSE of Chignik, Alaska"
2025-01-08T10:13:49.169Z,61.112,-150.996,54.9,3.1,"5 km SE of Beluga, Alaska"
2025-01-08T02:28:31.172Z,55.473,-157.999,31.6,3.5,"87 km SE of Perryville, Alaska"
2025-01-08T02:08:10.593Z,60.198,-148.3,19.5,3.3,"21 km NW of Chenega, Alaska"
2025-01-06T15:43:28.183Z,61.642,-150.948,67.6,3.6,"25 km WNW of Susitna, Alaska"
2025-01-04T18:54:28.019Z,60.186,-153.351,145.6,3.2,"53 km E of Port Alsworth, Alaska"
2025-01-03T04:16:10.454Z,56.328,-149.248,10,3.3,"233 km SE of Chiniak, Alaska"
2025-01-02T20:04:32.264Z,54.784,-156.996,8.3,3.5,"185 km SE of Perryville, Alaska"
2025-01-02T14:38:42.237Z,61.283,-152.297,3.3,3.2,"66 km WNW of Tyonek, Alaska"
2025-01-01T13:35:52.176Z,59.226,-153.06,78.5,3,"66 km WSW of Nanwalek, Alaska"
2025-01-01T13:15:02.972Z,61.335,-151.934,95.7,3,"50 km WNW of Beluga, Alaska"
2024-12-30T20:59:52.837Z,61.595,-152.183,115.8,3.5,"60 km SW of Skwentna, Alaska"
2024-12-30T07:01:30.903Z,59.898,-151.54,30.6,3.4,"10 km NNE of Nikolaevsk, Alaska"
2024-12-28T15:00:13.387Z,60.032,-153.021,114,3.6,"66 km ENE of Pedro Bay, Alaska"
2024-12-28T14:59:35.311Z,61.252,-152.244,9.2,3.2,"63 km WNW of Tyonek, Alaska"
2024-12-27T07:12:33.571Z,60.205,-151.734,64,4,"17 km NNW of Ninilchik, Alaska"
2024-12-26T04:52:28.072Z,60.432,-143.194,8.5,3.5,"112 km S of McCarthy, Alaska"
2024-12-24T01:18:32.364Z,57.779,-153.31,56.4,3,"27 km WSW of Port Lions, Alaska"
2024-12-22T11:44:57.369Z,55.954,-153.974,27.4,5,"111 km S of Akhiok, Alaska"
2024-12-22T10:35:05.924Z,55.94,-153.95,29.4,3.6,"112 km S of Akhiok, Alaska"
2024-12-22T10:19:52.155Z,55.904,-153.92,21.3,3.8,"116 km S of Akhiok, Alaska"
2024-12-22T04:08:49.344Z,55.906,-153.881,13.6,4.9,"117 km S of Akhiok, Alaska"
2024-12-22T03:56:03.086Z,55.96,-153.954,2,5.2,"110 km S of Akhiok, Alaska"
2024-12-20T04:03:22.093Z,60.351,-152.268,83.8,4.5,"47 km NW of Ninilchik, Alaska"
2024-12-19T04:35:57.111Z,56.074,-154.006,29.8,3.1,"97 km S of Akhiok, Alaska"
2024-12-18T16:43:47.385Z,60.657,-151.205,63.7,3.1,"5 km SE of Nikiski, Alaska"
2024-12-17T08:15:07.020Z,56.718,-153.513,12.8,3,"47 km ESE of Akhiok, Alaska"
2024-12-16T17:55:16.117Z,56.157,-149.241,10,3,"246 km SE of Chiniak, Alaska"
2024-12-16T08:17:25.673Z,60.061,-151.37,53.4,3,"16 km E of Ninilchik, Alaska"
2024-12-15T17:08:08.562Z,57.851,-152.616,44.9,3.5,"9 km N of Kodiak Station, Alaska"
2024-12-15T08:10:10.328Z,60.526,-147.181,1.6,3.2,"46 km SW of Tatitlek, Alaska"
2024-12-13T05:10:42.478Z,56.866,-153.043,17.8,3.5,"40 km SSE of Old Harbor, Alaska"
2024-12-12T17:33:28.690Z,59.494,-152.613,83.2,3.1,"42 km WNW of Nanwalek, Alaska"
2024-12-12T15:12:05.279Z,56.865,-153.025,11.2,4.2,"41 km SSE of Old Harbor, Alaska"
2024-12-11T07:38:46.628Z,60.401,-151.153,45.5,3.2,"7 km ESE of Kalifornsky, Alaska"
2024-12-10T17:53:43.388Z,60.609,-151.836,75.9,3.3,"28 km W of Salamatof, Alaska"
2024-12-08T19:52:21.804Z,60.057,-152.945,113.4,3,"68 km W of Happy Valley, Alaska"
2024-12-06T06:36:55.998Z,59.58,-152.47,75.2,3.4,"39 km NW of Nanwalek, Alaska"
2024-12-06T01:11:18.546Z,55.815,-149.268,10,3.2,"272 km SE of Chiniak, Alaska"
2024-12-03T11:49:00.228Z,55.915,-149.146,10,3.2,"269 km SE of Chiniak, Alaska"
2024-12-03T01:56:01.509Z,56.226,-149.148,10,3.2,"245 km SE of Chiniak, Alaska"
2024-12-02T21:11:57.257Z,56.975,-154.73,1.3,3,"34 km W of Akhiok, Alaska"
2024-12-02T13:14:09.358Z,61.471,-146.633,13.2,3.7,"40 km NNW of Valdez, Alaska"
2024-11-29T19:23:40.439Z,59.673,-153.288,106.7,3.1,"47 km ESE of Pedro Bay, Alaska"
2024-11-29T04:03:24.257Z,59.961,-153.287,132.8,3.2,"49 km ENE of Pedro Bay, Alaska"
2024-11-27T18:26:39.875Z,60.928,-150.455,60,3.1,"12 km E of Point Possession, Alaska"
2024-11-26T07:51:46.862Z,55.852,-153.745,6.4,3.3,"124 km SSE of Akhiok, Alaska"
2024-11-24T23:42:23.051Z,61.175,-149.161,18.1,3.2,"25 km N of Girdwood, Alaska"
2024-11-23T01:41:13.932Z,54.668,-156.786,0.2,3.4,"203 km SE of Perryville, Alaska"
2024-11-23T00:25:01.104Z,54.669,-156.772,0.2,3,"204 km SE of Perryville, Alaska"
2024-11-22T21:52:57.841Z,59.726,-152.716,86.8,3.5,"50 km W of Anchor Point, Alaska"
2024-11-22T15:10:41.138Z,55.746,-149.155,10,3.1,"282 km SE of Chiniak, Alaska"
2024-11-22T11:59:23.308Z,59.078,-153.595,101.8,3.3,"73 km SE of Pope-Vannoy Landing, Alaska"
2024-11-20T03:23:45.239Z,57.807,-154.385,54.2,3.2,"26 km N of Karluk, Alaska"
2024-11-18T16:42:17.211Z,56.28,-149.272,10,3.1,"235 km SE of Chiniak, Alaska"
2024-11-18T10:22:07.710Z,59.592,-153.062,111.6,3.1,"62 km ESE of Pedro Bay, Alaska"
2024-11-18T03:04:57.412Z,56.52,-148.404,18.5,3.2,"264 km ESE of Chiniak, Alaska"
2024-11-17T15:42:34.936Z,60.152,-152.405,80.5,3.2,"42 km WNW of Ninilchik, Alaska"
2024-11-16T05:01:58.062Z,59.117,-152.419,54,3,"39 km SW of Nanwalek, Alaska"
2024-11-14T01:08:23.207Z,54.631,-156.869,7.6,3.3,"203 km SE of Perryville, Alaska"
2024-11-13T19:12:14.051Z,56.13,-149.325,10,3.2,"244 km SE of Chiniak, Alaska"
2024-11-13T16:13:56.459Z,55.949,-149.168,13.8,3.6,"265 km SE of Chiniak, Alaska"
2024-11-13T11:40:25.421Z,55.87,-149.088,10,3.6,"275 km SE of Chiniak, Alaska"
2024-11-13T10:46:51.557Z,55.597,-151.78,10,3,"202 km SSE of Old Harbor, Alaska"
2024-11-13T09:07:03.127Z,60.946,-147.32,16.1,4.3,"35 km WNW of Tatitlek, Alaska"
2024-11-12T01:26:04.679Z,56.269,-148.582,10,3.1,"270 km SE of Chiniak, Alaska"
2024-11-10T22:29:06.123Z,61.514,-149.988,46.4,3.6,"1 km WSW of Big Lake, Alaska"
2024-11-10T12:41:08.720Z,59.594,-153.443,113.2,3.1,"43 km ESE of Pedro Bay, Alaska"
2024-11-08T21:13:18.855Z,58.737,-152.704,56.3,3.1,"76 km N of Aleneva, Alaska"
2024-11-08T20:35:50.690Z,60.037,-153.225,121.4,3.5,"56 km ENE of Pedro Bay, Alaska"
2024-11-08T20:05:12.261Z,60.426,-152.516,103.3,3.5,"62 km NW of Ninilchik, Alaska"
2024-11-06T15:20:31.002Z,56.989,-156.255,9.3,3.8,"90 km SE of Ugashik, Alaska"
2024-11-05T18:55:37.346Z,60.161,-153.233,143.9,3.2,"60 km E of Port Alsworth, Alaska"
2024-11-04T21:57:14.768Z,60.086,-153.205,129.5,3,"60 km ENE of Pedro Bay, Alaska"
2024-11-02T23:01:03.891Z,55.99,-149.783,16.2,3.5,"236 km SE of Chiniak, Alaska"
2024-11-02T15:56:42.666Z,58.478,-155.188,125.4,3.1,"88 km ESE of King Salmon, Alaska"
2024-11-02T03:37:28.157Z,58.633,-153.492,77.6,4.1,"72 km NNW of Aleneva, Alaska"
2024-11-01T15:15:50.962Z,60.035,-152.717,96,3,"55 km W of Happy Valley, Alaska"
2024-11-01T15:09:04.245Z,56.188,-149.676,10,3,"224 km SE of Chiniak, Alaska"
2024-10-31T17:18:47.013Z,56.958,-154.747,45,3.6,"34 km W of Akhiok, Alaska"
2024-10-30T13:27:53.224Z,56.088,-150.067,10,3.1,"216 km SE of Chiniak, Alaska"
2024-10-29T07:22:07.905Z,57.017,-143.048,10,3.1,Gulf of Alaska
2024-10-28T20:04:00.118Z,55.518,-155.977,9.4,3.9,"174 km ESE of Chignik, Alaska"
2024-10-27T06:14:42.785Z,58.839,-154.535,121.7,3.1,"68 km SSE of Kokhanok, Alaska"
2024-10-25T04:11:02.857Z,55.542,-151.818,10,3.5,"206 km SSE of Old Harbor, Alaska"
2024-10-23T13:37:30.951Z,60.641,-151.882,76.8,3,"30 km W of Salamatof, Alaska"
2024-10-18T12:57:00.030Z,56.16,-148.639,19.5,3.2,"274 km SE of Chiniak, Alaska"
2024-10-18T09:42:46.551Z,56.804,-156.435,8,3.2,"98 km SE of Ugashik, Alaska"
2024-10-18T04:49:39.506Z,56.209,-148.614,10,3.2,"272 km SE of Chiniak, Alaska"
2024-10-18T03:37:56.320Z,56.207,-148.599,10,3,"273 km SE of Chiniak, Alaska"
2024-10-17T16:37:15.357Z,56.727,-154.552,40.6,3.1,"33 km SW of Akhiok, Alaska"
2024-10-17T14:25:48.569Z,54.623,-157.06,9.7,3.3,"195 km SE of Perryville, Alaska"
2024-10-17T10:36:43.893Z,61.461,-150.739,55.2,3,"15 km SW of Susitna, Alaska"
2024-10-16T08:06:54.914Z,60.334,-151.286,52,3.1,"0 km WSW of Kasilof, Alaska"
2024-10-15T04:15:08.450Z,60.635,-146.961,21.6,3,"29 km SSW of Tatitlek, Alaska"
2024-10-13T01:32:28.697Z,60.051,-153.34,144.8,3.2,"51 km NE of Pedro Bay, Alaska"
2024-10-12T09:06:46.292Z,54.455,-156.714,7.8,3.3,"224 km SE of Perryville, Alaska"
2024-10-12T07:57:26.934Z,56.982,-154.713,0.9,4.4,"33 km W of Akhiok, Alaska"
2024-10-12T05:13:58.838Z,54.516,-156.856,2.2,3.3,"212 km SE of Perryville, Alaska"
2024-10-10T10:48:32.952Z,56.072,-149.805,10,3.4,"228 km SE of Chiniak, Alaska"
2024-10-08T07:31:55.442Z,60.161,-153.247,148.5,3,"59 km E of Port Alsworth, Alaska"
2024-10-06T22:57:20.460Z,58.648,-156.266,198.6,3.4,"23 km ESE of King Salmon, Alaska"
2024-10-06T15:41:51.234Z,58.741,-153.335,72.7,3,"79 km NNW of Aleneva, Alaska"
2024-10-05T05:08:32.965Z,60.929,-150.338,57.8,3,"19 km E of Point Possession, Alaska"
2024-10-04T18:40:43.324Z,56.537,-149.365,22.2,3.3,"213 km SE of Chiniak, Alaska"
2024-10-04T14:56:03.693Z,59.984,-153.486,146.5,3.2,"41 km ENE of Pedro Bay, Alaska"
2024-10-04T01:49:12.753Z,58.6,-154.714,4.2,4.2,"93 km S of Kokhanok, Alaska"
2024-10-04T01:45:36.867Z,57.421,-155.177,57.5,3.5,"46 km WSW of Karluk, Alaska"
2024-10-03T17:59:39.384Z,58.618,-154.674,7,3.2,"91 km S of Kokhanok, Alaska"
2024-10-03T06:29:07.352Z,59.4,-152.649,68.1,3,"41 km W of Nanwalek, Alaska"
2024-10-02T23:58:46.970Z,58.569,-155.124,122.7,3,"90 km E of King Salmon, Alaska"
2024-10-02T22:04:13.528Z,56.083,-149.817,10,3.5,"227 km SE of Chiniak, Alaska"
2024-10-02T16:03:23.789Z,55.214,-150.961,10,3.3,"264 km SSE of Old Harbor, Alaska"
2024-10-02T02:27:56.114Z,57.033,-150.155,6.2,3.7,"143 km ESE of Chiniak, Alaska"
2024-09-29T21:29:48.485Z,58.968,-154.242,116.7,4,"60 km SSE of Kokhanok, Alaska"
2024-09-22T14:27:05.656Z,60.235,-151.048,64.7,3.9,"16 km SE of Kasilof, Alaska"
2024-09-21T10:35:32.398Z,61.034,-152.305,110.5,3,"63 km W of Tyonek, Alaska"
2024-09-20T01:37:54.840Z,56.625,-156.94,51.5,3.1,"97 km ENE of Chignik, Alaska"
2024-09-19T05:32:01.838Z,55.714,-157.474,3.7,3.7,"86 km SE of Chignik, Alaska"
2024-09-18T15:19:23.415Z,59.246,-152.382,76.7,3.1,"29 km WSW of Nanwalek, Alaska"
2024-09-18T00:21:32.957Z,58.608,-155.174,127.8,3.2,"86 km E of King Salmon, Alaska"
2024-09-16T21:10:56.711Z,56.582,-147.91,10,3.1,"288 km ESE of Chiniak, Alaska"
2024-09-15T15:17:05.034Z,60.631,-146.926,19.7,4.3,"29 km SSW of Tatitlek, Alaska"
2024-09-15T09:22:29.871Z,59.087,-154.549,142.3,3,"41 km SSE of Kokhanok, Alaska"
2024-09-15T05:52:25.978Z,54.681,-156.807,3.9,3.4,"201 km SE of Perryville, Alaska"
2024-09-14T17:44:38.371Z,56.568,-148.535,10,3.2,"255 km ESE of Chiniak, Alaska"
2024-09-14T16:48:33.170Z,54.714,-156.817,8.1,3.2,"199 km SE of Perryville, Alaska"
2024-09-14T14:33:42.339Z,54.682,-156.815,1.9,4.5,"201 km SE of Perryville, Alaska"
2024-09-13T11:31:10.655Z,55.982,-149.284,12.9,3.7,"257 km SE of Chiniak, Alaska"
2024-09-13T11:14:54.614Z,60.677,-152.825,136.9,3.3,"82 km W of Salamatof, Alaska"
2024-09-12T07:33:51.404Z,54.803,-157.07,11.6,3,"180 km SE of Perryville, Alaska"
2024-09-11T17:02:08.709Z,61.396,-151.544,79,3.1,"37 km NW of Beluga, Alaska"
2024-09-11T12:53:14.764Z,59.831,-153.364,126.6,4,"41 km E of Pedro Bay, Alaska"
2024-09-11T12:53:14.147Z,59.85,-153.362,126.2,3.9,"42 km E of Pedro Bay, Alaska"
2024-09-11T00:11:43.280Z,55.828,-150.066,13.2,3,"240 km SSE of Chiniak, Alaska"
2024-09-09T16:55:41.924Z,59.986,-146.228,26.8,3.3,"67 km SSW of Cordova, Alaska"
2024-09-09T16:55:40.956Z,59.99,-146.251,30.3,3.5,"67 km SSW of Cordova, Alaska"
2024-09-07T21:14:34.127Z,56.485,-153.713,18.8,3.9,"58 km SSE of Akhiok, Alaska"
2024-09-07T15:24:43.168Z,59.212,-153.81,120.2,3.1,"54 km SE of Pope-Vannoy Landing, Alaska"
2024-09-05T01:46:36.583Z,61.501,-149.905,40.8,3.1,"3 km SE of Big Lake, Alaska"
2024-09-01T13:20:21.252Z,59.643,-151.522,47.7,4.5,"1 km E of Homer, Alaska"
2024-09-01T06:08:30.376Z,54.695,-156.779,7.1,3.1,"202 km SE of Perryville, Alaska"
2024-08-31T07:49:06.417Z,59.806,-151.337,51.7,3.7,"8 km NNW of Fritz Creek, Alaska"
2024-08-29T13:49:29.837Z,59.969,-152.986,103.8,3.1,"65 km ENE of Pedro Bay, Alaska"
2024-08-27T22:44:36.545Z,60.333,-152.198,99.6,3.2,"43 km NW of Ninilchik, Alaska"
2024-08-26T04:20:02.727Z,59.029,-151.149,32.4,3.1,"52 km SE of Port Graham, Alaska"
2024-08-25T23:17:46.683Z,60.737,-151.998,86.2,3.3,"39 km W of Nikiski, Alaska"
2024-08-25T15:04:31.481Z,57.95,-156.636,159.1,3.1,"52 km SE of Egegik, Alaska"
2024-08-23T05:36:55.175Z,61.101,-150.866,59.8,3.1,"12 km ESE of Beluga, Alaska"
2024-08-22T06:20:47.620Z,54.519,-156.827,26.9,3.3,"214 km SE of Perryville, Alaska"
2024-08-22T02:40:21.443Z,61.248,-147.034,19.7,3.7,"39 km WNW of Valdez, Alaska"
2024-08-20T04:35:24.920Z,59.692,-153.341,107.8,3.4,"44 km ESE of Pedro Bay, Alaska"
2024-08-19T11:37:22.540Z,55.937,-149.952,10,3.6,"234 km SE of Chiniak, Alaska"
2024-08-18T12:27:39.037Z,56.377,-148.464,20.7,3.1,"269 km ESE of Chiniak, Alaska"
2024-08-18T06:00:18.112Z,60.03,-143.1,14.7,3.7,"156 km S of McCarthy, Alaska"
2024-08-17T06:20:02.095Z,55.358,-154.041,9,3.1,"176 km S of Akhiok, Alaska"
2024-08-16T15:34:26.548Z,61.185,-149.646,43,3.6,"8 km S of Elmendorf Air Force Base, Alaska"
2024-08-15T13:36:41.937Z,61.591,-146.284,29.5,3.5,"51 km N of Valdez, Alaska"
2024-08-13T09:35:36.622Z,61.24,-151.241,67.5,3.3,"13 km NW of Beluga, Alaska"
2024-08-13T06:33:15.859Z,57.162,-151.752,15.9,3.7,"59 km SSE of Chiniak, Alaska"
2024-08-13T03:23:51.089Z,60.201,-153.524,178.9,3.5,"43 km E of Port Alsworth, Alaska"
2024-08-12T06:25:19.316Z,56.223,-149.575,10,3.2,"225 km SE of Chiniak, Alaska"
2024-08-11T18:21:47.604Z,56.503,-156.614,67,3.3,"112 km E of Chignik, Alaska"
2024-08-10T07:23:51.855Z,55.629,-153.938,5.1,3.9,"147 km S of Akhiok, Alaska"
2024-08-09T17:05:25.867Z,58.262,-151.657,44.3,3.5,"62 km NE of Ouzinkie, Alaska"
2024-08-07T15:41:07.359Z,56.15,-149.863,13.6,3.1,"219 km SE of Chiniak, Alaska"
2024-08-06T06:06:54.425Z,61.267,-146.865,9.1,3,"31 km WNW of Valdez, Alaska"
2024-08-06T00:05:18.678Z,55.307,-156.812,3.4,3,"148 km SE of Chignik, Alaska"
2024-08-04T21:01:33.623Z,60.817,-146.444,9.4,3.1,"13 km ESE of Tatitlek, Alaska"
2024-08-03T22:32:07.651Z,58.263,-154.139,74,3.2,"75 km WNW of Aleneva, Alaska"
2024-07-31T21:37:52.697Z,61.006,-148.295,31.1,3.8,"33 km NE of Whittier, Alaska"
2024-07-29T23:23:07.884Z,61.64,-148.058,10,3.1,"27 km SE of Chickaloon, Alaska"
2024-07-29T10:16:58.171Z,60.871,-146.846,19.2,3,"9 km W of Tatitlek, Alaska"
2024-07-27T18:12:14.532Z,60.322,-152.323,87.8,4.5,"47 km NW of Ninilchik, Alaska"
2024-07-24T20:32:31.690Z,56.994,-145.915,10,3.6,Gulf of Alaska
2024-07-24T17:44:41.671Z,54.942,-157.187,4.4,3.2,"164 km SE of Perryville, Alaska"
2024-07-23T08:17:57.497Z,54.996,-157.54,9.8,4.7,"143 km SE of Perryville, Alaska"
2024-07-23T08:17:36.185Z,55.007,-157.584,9.4,3.5,"141 km SE of Perryville, Alaska"
2024-07-23T00:21:55.984Z,56.311,-152.591,11.9,3.3,"108 km SSE of Old Harbor, Alaska"
2024-07-22T23:04:51.434Z,56.22,-152.532,11.9,3.3,"119 km SSE of Old Harbor, Alaska"
2024-07-22T22:08:56.435Z,56.203,-152.499,8.3,3.4,"121 km SSE of Old Harbor, Alaska"
2024-07-22T11:26:42.542Z,59.958,-152.657,98,3.2,"50 km WNW of Anchor Point, Alaska"
2024-07-18T05:43:32.181Z,56.354,-148.594,10,3.2,"264 km ESE of Chiniak, Alaska"
2024-07-17T13:37:29.823Z,60.359,-152.462,106.4,3,"55 km NW of Ninilchik, Alaska"
2024-07-17T05:15:43.308Z,59.198,-152.43,59.7,3.1,"33 km WSW of Nanwalek, Alaska"
2024-07-16T03:35:21.408Z,56.119,-149.191,15.1,3.2,"251 km SE of Chiniak, Alaska"
2024-07-15T14:31:57.944Z,59.507,-152.835,102,3.5,"54 km WNW of Nanwalek, Alaska"
2024-07-13T06:07:47.400Z,58.671,-155.052,137,3.4,"87 km S of Kokhanok, Alaska"
2024-07-12T22:31:58.171Z,56.537,-148.593,10,3,"253 km ESE of Chiniak, Alaska"
2024-07-12T10:01:24.438Z,55.062,-155.962,7.3,3.5,"205 km SE of Chignik, Alaska"
2024-07-12T05:26:05.405Z,59.715,-150.534,35.5,3.8,"28 km SE of Fox River, Alaska"
2024-07-10T09:00:12.248Z,58.893,-150.103,47.8,4.2,"101 km SE of Halibut Cove, Alaska"
2024-07-09T19:53:06.846Z,60.544,-151.785,71,3.5,"26 km WSW of Salamatof, Alaska"
2024-07-09T14:30:25.585Z,61.029,-152.275,110,3.2,"61 km W of Tyonek, Alaska"
2024-07-09T09:55:14.504Z,57.244,-153.65,41.6,3.6,"21 km WNW of Old Harbor, Alaska"
2024-07-06T20:05:49.001Z,60.955,-150.907,51.1,3.1,"12 km WNW of Point Possession, Alaska"
2024-07-06T00:34:22.362Z,56.236,-149.667,18.1,3,"220 km SE of Chiniak, Alaska"
2024-07-01T22:49:39.468Z,56.141,-149.199,12.8,4.2,"249 km SE of Chiniak, Alaska"
2024-06-29T02:18:31.540Z,58.261,-153.924,64.1,3.6,"63 km WNW of Aleneva, Alaska"
2024-06-28T08:55:37.895Z,59.486,-152.835,93.1,3.8,"53 km WNW of Nanwalek, Alaska"
2024-06-28T03:55:31.605Z,58.97,-154.181,122.5,3.7,"62 km SSE of Kokhanok, Alaska"
2024-06-27T13:44:29.639Z,56.496,-156.399,71,3.1,"125 km E of Chignik, Alaska"
2024-06-26T12:39:30.263Z,60.585,-151.5,63.9,3,"10 km WSW of Salamatof, Alaska"
2024-06-23T11:19:06.487Z,56.164,-148.653,18.1,3.2,"273 km SE of Chiniak, Alaska"
2024-06-22T13:47:40.051Z,55.28,-155.012,11.9,3.3,"192 km SSW of Akhiok, Alaska"
2024-06-22T07:48:27.635Z,56.67,-156.226,7.4,3.5,"117 km SE of Ugashik, Alaska"
2024-06-21T12:15:47.460Z,60.912,-151.71,82.3,3,"33 km NW of Nikiski, Alaska"
2024-06-21T10:53:12.800Z,59.472,-153.1,85.2,3,"66 km ESE of Pedro Bay, Alaska"
2024-06-21T07:53:33.889Z,57.561,-142.733,10,3.4,"282 km SW of Yakutat, Alaska"
2024-06-18T21:29:34.762Z,59.959,-153.038,123.5,3.1,"62 km ENE of Pedro Bay, Alaska"
2024-06-16T07:52:34.520Z,61.603,-150.085,49.8,3.3,"11 km NW of Big Lake, Alaska"
2024-06-15T13:11:29.667Z,56.445,-149.956,10,3.5,"191 km SE of Chiniak, Alaska"
2024-06-14T21:30:37.688Z,58.77,-154.531,111.2,3.7,"75 km S of Kokhanok, Alaska"
2024-06-14T15:39:51.287Z,59.866,-152.901,97.9,3.5,"60 km W of Anchor Point, Alaska"
2024-06-13T17:50:38.349Z,60.087,-148.418,20.3,3.1,"22 km W of Chenega, Alaska"
2024-06-13T17:25:32.777Z,60.113,-148.509,7.5,3.3,"28 km W of Chenega, Alaska"
2024-06-13T13:49:11.399Z,57.791,-155.624,88.2,4.6,"73 km WNW of Karluk, Alaska"
2024-06-12T16:29:29.555Z,56.629,-148.639,10,3,"246 km ESE of Chiniak, Alaska"
2024-06-10T06:14:45.525Z,55.47,-156.846,13.6,3,"133 km SE of Chignik, Alaska"
2024-06-07T23:39:32.984Z,61.5,-149.892,37.3,3.5,"4 km SE of Big Lake, Alaska"
2024-06-07T23:12:57.681Z,57.252,-153.811,52.1,3.1,"31 km W of Old Harbor, Alaska"
2024-06-07T04:35:25.061Z,61.257,-146.879,9.4,3.4,"31 km WNW of Valdez, Alaska"
2024-06-06T10:37:17.054Z,55.424,-157.176,2.8,3.1,"123 km SE of Chignik, Alaska"
2024-06-02T18:31:51.527Z,60.712,-151.578,73.2,3.2,"15 km W of Nikiski, Alaska"
2024-06-01T12:40:23.027Z,59.861,-152.344,84.7,4.4,"30 km WNW of Anchor Point, Alaska"
2024-06-01T07:49:15.560Z,56.873,-155.781,45.8,3.3,"98 km W of Akhiok, Alaska"
2024-05-30T10:52:18.780Z,59.043,-153.216,77.5,3.4,"81 km WSW of Nanwalek, Alaska"
2024-05-29T07:48:51.077Z,55.94,-155.758,14.2,3.6,"148 km SW of Akhiok, Alaska"
2024-05-28T08:40:15.026Z,56.8,-152.937,15,3.8,"50 km SSE of Old Harbor, Alaska"
2024-05-27T21:05:57.048Z,54.672,-156.754,7.9,3.4,"205 km SE of Perryville, Alaska"
2024-05-27T19:52:13.469Z,54.642,-156.767,5.1,3,"206 km SE of Perryville, Alaska"
2024-05-27T18:15:28.236Z,54.669,-156.767,3.7,3,"204 km SE of Perryville, Alaska"
2024-05-27T18:02:15.348Z,54.709,-156.76,7.1,3.1,"202 km SE of Perryville, Alaska"
2024-05-27T17:58:29.798Z,60.021,-152.797,119.1,3.1,"59 km W of Happy Valley, Alaska"
2024-05-27T14:19:44.130Z,54.68,-156.843,3.4,3.1,"200 km SE of Perryville, Alaska"
2024-05-27T04:41:23.341Z,54.654,-156.766,4.4,3.8,"205 km SE of Perryville, Alaska"
2024-05-27T01:54:47.397Z,54.669,-156.697,2.8,3,"208 km SE of Perryville, Alaska"
2024-05-27T00:25:51.538Z,54.703,-156.747,3,3.7,"203 km SE of Perryville, Alaska"
2024-05-27T00:24:23.223Z,54.66,-156.689,20.2,3.8,"209 km SE of Perryville, Alaska"
2024-05-27T00:22:05.036Z,54.584,-156.703,7,3.3,"214 km SE of Perryville, Alaska"
2024-05-27T00:19:54.524Z,54.68,-156.747,20.6,3.2,"204 km SE of Perryville, Alaska"
2024-05-27T00:15:49.283Z,54.722,-156.816,20.2,3.3,"198 km SE of Perryville, Alaska"
2024-05-27T00:12:36.519Z,54.681,-156.734,25.1,4.6,"205 km SE of Perryville, Alaska"
2024-05-27T00:10:09.289Z,54.702,-156.739,26.1,3.9,"203 km SE of Perryville, Alaska"
2024-05-26T06:33:10.793Z,58.888,-152.678,56.2,3.1,"67 km SW of Nanwalek, Alaska"
2024-05-23T17:36:01.300Z,61.922,-147.738,27.9,3.4,"13 km NNW of Glacier View, Alaska"
2024-05-22T22:29:43.725Z,56.411,-148.804,10,3.5,"249 km ESE of Chiniak, Alaska"
2024-05-21T02:30:42.857Z,58.673,-145.611,12.7,4.5,"206 km SE of Chenega, Alaska"
2024-05-20T23:24:49.355Z,57.129,-156.376,70.9,3,"74 km SE of Ugashik, Alaska"
2024-05-20T09:57:41.644Z,56.553,-156.637,46.5,3.6,"112 km ENE of Chignik, Alaska"
2024-05-17T07:18:43.724Z,60.948,-151.88,86.7,3.2,"42 km WSW of Tyonek, Alaska"
2024-05-16T06:28:15.427Z,56.162,-149.628,10,3,"228 km SE of Chiniak, Alaska"
2024-05-16T05:18:34.636Z,55.499,-155.641,0.1,3.1,"185 km SSW of Akhiok, Alaska"
2024-05-16T01:01:49.132Z,59.813,-152.635,81.2,3.3,"45 km W of Anchor Point, Alaska"
2024-05-15T21:08:23.078Z,59.693,-153.492,122.6,3,"36 km ESE of Pedro Bay, Alaska"
2024-05-15T08:01:31.348Z,59.486,-152.639,71.2,3.8,"43 km WNW of Nanwalek, Alaska"
2024-05-13T04:36:19.421Z,55.672,-149.115,10,3.4,"290 km SE of Chiniak, Alaska"
2024-05-12T10:14:57.322Z,60.516,-151.821,73.4,3.7,"29 km WSW of Salamatof, Alaska"
2024-05-11T05:07:08.447Z,56.46,-148.382,10,3.1,"269 km ESE of Chiniak, Alaska"
2024-05-11T01:53:05.660Z,59.826,-152.856,98.7,4.8,"57 km W of Anchor Point, Alaska"
2024-05-08T19:40:45.466Z,59.218,-148.205,1.4,3.2,"95 km S of Chenega, Alaska"
2024-05-08T13:12:52.289Z,56.083,-149.738,10,3,"230 km SE of Chiniak, Alaska"
2024-05-05T10:11:02.487Z,60.999,-151.63,75.2,3.4,"27 km WSW of Tyonek, Alaska"
2024-05-04T02:30:42.173Z,59.754,-153.157,99.7,3,"53 km E of Pedro Bay, Alaska"
2024-05-03T09:29:32.513Z,59.965,-152.753,91.3,4.3,"55 km WNW of Anchor Point, Alaska"
2024-05-01T20:57:43.440Z,60.245,-153.138,140,3.1,"65 km E of Port Alsworth, Alaska"
2024-05-01T05:30:15.054Z,59.917,-151.343,49.2,3.1,"18 km NE of Nikolaevsk, Alaska"
2024-04-30T03:59:50.802Z,58.347,-143.01,10,3.2,"231 km SW of Yakutat, Alaska"
2024-04-28T04:50:51.470Z,59.022,-153.287,72.5,3.5,"86 km WSW of Nanwalek, Alaska"
2024-04-27T23:47:36.619Z,54.735,-156.876,40.9,3,"194 km SE of Perryville, Alaska"
2024-04-27T22:44:52.894Z,54.694,-156.855,27.7,3.6,"198 km SE of Perryville, Alaska"
2024-04-25T20:16:01.912Z,56.109,-149.104,10,3.4,"255 km SE of Chiniak, Alaska"
2024-04-25T15:30:05.466Z,57.611,-153.546,57,3.4,"27 km ENE of Larsen Bay, Alaska"
2024-04-25T13:44:56.865Z,59.495,-150.707,34.7,3.2,"31 km ESE of Halibut Cove, Alaska"
2024-04-20T09:07:25.436Z,61.784,-151.147,83.2,3,"26 km SSE of Skwentna, Alaska"
2024-04-20T07:39:57.514Z,59.761,-152.097,68.5,3.2,"15 km W of Anchor Point, Alaska"
2024-04-19T20:44:18.514Z,54.028,-154.777,11.6,3.5,south of Alaska
2024-04-19T20:04:01.642Z,57.646,-153.381,9.2,3,"37 km ENE of Larsen Bay, Alaska"
2024-04-19T07:27:33.350Z,55.147,-156.891,21.7,4.6,"159 km SE of Chignik, Alaska"
2024-04-15T21:42:20.165Z,57.308,-156.123,6.1,3,"79 km ESE of Ugashik, Alaska"
2024-04-15T19:13:27.477Z,59.968,-153.173,112.9,3.4,"56 km ENE of Pedro Bay, Alaska"
2024-04-15T07:46:48.835Z,56.23,-149.409,10,3.1,"232 km SE of Chiniak, Alaska"
2024-04-13T02:17:11.378Z,56.643,-152.023,11.6,3,"99 km SE of Old Harbor, Alaska"
2024-04-11T10:51:20.876Z,59.421,-152.661,71.1,3.2,"42 km W of Nanwalek, Alaska"
2024-04-11T07:36:37.914Z,60.916,-152.721,153.1,3.9,"81 km WNW of Nikiski, Alaska"
2024-04-10T18:34:03.724Z,56.2,-149.286,10,3.1,"240 km SE of Chiniak, Alaska"
2024-04-07T15:43:51.649Z,54.686,-157.789,13.3,3,"161 km SSE of Perryville, Alaska"
2024-04-07T05:43:09.051Z,61.975,-151.455,77.9,3.4,"3 km WSW of Skwentna, Alaska"
2024-04-06T18:50:09.338Z,61.921,-150.544,58.6,3.1,"32 km NW of Willow, Alaska"
2024-04-06T08:27:41.242Z,56.402,-153.624,2.5,3.2,"69 km SSE of Akhiok, Alaska"
2024-04-04T06:27:25.986Z,58.151,-151.631,26.4,3.4,"57 km ENE of Ouzinkie, Alaska"
2024-04-03T11:35:08.140Z,56.081,-155.093,11.9,3.1,"111 km SSW of Akhiok, Alaska"
2024-04-01T23:22:42.566Z,56.734,-153.051,42.6,3.2,"54 km SSE of Old Harbor, Alaska"
2024-04-01T19:29:43.377Z,55.433,-157.193,15.2,4,"122 km SE of Chignik, Alaska"
2024-04-01T07:18:20.764Z,58.898,-152.687,55.5,4.1,"67 km SW of Nanwalek, Alaska"
2024-03-31T23:56:51.209Z,55.972,-149.691,13.1,4.3,"241 km SE of Chiniak, Alaska"
2024-03-31T10:14:06.363Z,56.608,-156.394,54.9,3.3,"117 km SSE of Ugashik, Alaska"
2024-03-28T20:09:52.394Z,58.466,-155.836,142.7,3,"54 km ESE of King Salmon, Alaska"
2024-03-27T03:35:16.353Z,61.474,-146.535,37.1,3,"39 km NNW of Valdez, Alaska"
2024-03-27T03:35:15.666Z,61.481,-146.552,34.1,3.1,"40 km NNW of Valdez, Alaska"
2024-03-24T22:05:19.333Z,56.19,-149.572,14.7,3.1,"228 km SE of Chiniak, Alaska"
2024-03-23T09:39:58.456Z,61.52,-151.446,76.9,3,"46 km NNW of Beluga, Alaska"
2024-03-22T18:30:12.962Z,61.985,-150.722,59.7,3.1,"35 km E of Skwentna, Alaska"
2024-03-20T20:25:46.360Z,60.351,-150.375,44,3.1,"27 km SE of Funny River, Alaska"
2024-03-17T10:08:40.283Z,59.891,-152.93,91.9,3.2,"62 km W of Anchor Point, Alaska"
2024-03-16T17:53:52.066Z,57.393,-155.819,72.2,3.2,"84 km WSW of Karluk, Alaska"
2024-03-16T15:23:10.174Z,57.31,-156.12,6,3.4,"80 km ESE of Ugashik, Alaska"
2024-03-16T14:36:33.154Z,56.312,-148.588,18,3,"267 km SE of Chiniak, Alaska"
2024-03-15T20:57:29.999Z,57.038,-151.043,0.1,3,"98 km SE of Chiniak, Alaska"
2024-03-15T18:08:32.530Z,55.752,-149.2,12.3,3.1,"280 km SE of Chiniak, Alaska"
2024-03-13T14:47:00.999Z,55.081,-157.18,40.3,3,"154 km SE of Perryville, Alaska"
2024-03-12T14:22:52.120Z,54.36,-155.003,10,3.1,"292 km S of Akhiok, Alaska"
2024-03-12T05:10:54.766Z,56.168,-149.825,10,3.4,"219 km SE of Chiniak, Alaska"
2024-03-11T20:46:19.946Z,59.979,-152.161,87.6,3.4,"24 km W of Happy Valley, Alaska"
2024-03-08T05:38:04.967Z,55.768,-149.253,10,3.3,"276 km SE of Chiniak, Alaska"
2024-03-05T10:19:40.302Z,55.806,-155.9,6.1,3.2,"165 km ESE of Chignik, Alaska"
2024-03-03T16:21:56.907Z,58.486,-156.191,178.2,3.2,"35 km SE of King Salmon, Alaska"
2024-03-02T11:10:50.376Z,57.417,-154.99,50.5,3.2,"36 km WSW of Karluk, Alaska"
2024-03-02T10:16:04.351Z,56.827,-152.566,28.8,3.5,"61 km SE of Old Harbor, Alaska"
2024-03-02T09:34:15.432Z,56.742,-152.412,4.3,3.8,"74 km SE of Old Harbor, Alaska"
2024-03-01T03:46:22.186Z,54.576,-153.162,10,3.2,"271 km SSE of Akhiok, Alaska"
2024-02-29T00:07:03.566Z,56.035,-149.635,10,3.5,"238 km SE of Chiniak, Alaska"
2024-02-28T09:54:32.089Z,60.394,-152.816,125.4,3.1,"74 km WNW of Ninilchik, Alaska"
2024-02-27T17:29:27.830Z,61.135,-150.244,61.7,3.5,"20 km WSW of Anchorage, Alaska"
2024-02-27T16:15:32.817Z,56.828,-149.055,11.9,3.1,"213 km ESE of Chiniak, Alaska"
2024-02-27T07:26:36.146Z,56.18,-152.877,24.8,3.5,"116 km SE of Akhiok, Alaska"
2024-02-26T03:57:39.533Z,60.2,-153.861,205.2,3.1,"25 km E of Port Alsworth, Alaska"
2024-02-22T21:51:01.910Z,61.718,-151.257,68.6,3.2,"31 km SSE of Skwentna, Alaska"
2024-02-22T12:50:05.938Z,55.809,-149.194,10,3.5,"275 km SE of Chiniak, Alaska"
2024-02-22T04:14:29.643Z,56.192,-149.594,10,3.3,"227 km SE of Chiniak, Alaska"
2024-02-21T10:47:30.074Z,60.364,-153.076,148.4,4.6,"70 km ENE of Port Alsworth, Alaska"
2024-02-21T04:45:08.591Z,61.734,-149.605,14.6,3.5,"12 km N of Meadow Lakes, Alaska"
2024-02-19T19:35:14.614Z,60.769,-149.889,42.5,3.2,"21 km SW of Hope, Alaska"
2024-02-17T01:31:58.041Z,59.294,-153.825,125,3.7,"47 km SE of Pope-Vannoy Landing, Alaska"
2024-02-16T15:30:50.498Z,56.538,-148.281,10,3,"270 km ESE of Chiniak, Alaska"
2024-02-16T09:23:06.593Z,60.298,-151.36,55.1,3.2,"6 km SW of Kasilof, Alaska"
2024-02-14T23:20:38.978Z,55.211,-156.064,4.2,3.2,"190 km SE of Chignik, Alaska"
2024-02-13T13:44:22.764Z,56.31,-148.737,17.2,3.3,"259 km SE of Chiniak, Alaska"
2024-02-13T13:15:42.341Z,56.376,-149.875,17.9,3.4,"200 km SE of Chiniak, Alaska"
2024-02-13T05:58:28.933Z,56.128,-149.934,14.1,3.1,"218 km SE of Chiniak, Alaska"
2024-02-12T15:05:01.196Z,58.16,-152.503,45.4,3.5,"26 km N of Ouzinkie, Alaska"
2024-02-12T11:46:14.058Z,59.3,-153.859,126,4,"45 km SE of Pope-Vannoy Landing, Alaska"
2024-02-09T07:23:52.243Z,59.474,-152.764,90.9,3.2,"49 km WNW of Nanwalek, Alaska"
2024-02-08T11:39:03.243Z,61.881,-149.228,3.2,3.1,"15 km N of Fishhook, Alaska"
2024-02-08T03:56:53.498Z,56.287,-149.2,10,3,"238 km SE of Chiniak, Alaska"
2024-02-07T22:51:12.490Z,55.125,-157.442,7.4,3.8,"138 km SE of Perryville, Alaska"
2024-02-05T11:35:07.622Z,57.475,-154.044,57.3,3.2,"8 km SSW of Larsen Bay, Alaska"
2024-02-05T04:52:00.574Z,59.967,-153.59,157.2,3.2,"35 km NE of Pedro Bay, Alaska"
2024-02-02T02:57:44.129Z,56.028,-149.996,10,3,"224 km SE of Chiniak, Alaska"
2024-01-30T18:08:16.621Z,56.138,-149.552,10,3.1,"233 km SE of Chiniak, Alaska"
2024-01-30T06:15:18.818Z,61.728,-148.557,9,4,"9 km SSW of Chickaloon, Alaska"
2024-01-30T03:49:58.761Z,61.404,-150.687,57.4,3.4,"18 km SSW of Susitna, Alaska"
2024-01-30T02:13:23.718Z,57.225,-156.56,4.9,3.1,"59 km ESE of Ugashik, Alaska"
2024-01-27T12:24:27.391Z,56.34,-149.824,10,4.3,"205 km SE of Chiniak, Alaska"
2024-01-26T13:28:28.769Z,56.767,-154.279,44.3,3.1,"20 km SSW of Akhiok, Alaska"
2024-01-25T16:09:06.878Z,61.78,-146.715,20,3.5,"23 km S of Nelchina, Alaska"
2024-01-24T21:40:49.546Z,58.522,-155.254,128.1,3.6,"83 km ESE of King Salmon, Alaska"
2024-01-23T00:46:25.425Z,56.424,-149.003,10,3.1,"238 km SE of Chiniak, Alaska"
2024-01-22T05:42:12.294Z,61.948,-149.553,55.9,3.1,"28 km NW of Fishhook, Alaska"
2024-01-22T03:17:42.902Z,56.428,-148.744,10,3,"251 km ESE of Chiniak, Alaska"
2024-01-21T13:11:22.966Z,56.182,-149.657,10,3.1,"225 km SE of Chiniak, Alaska"
2024-01-19T14:32:18.254Z,58.207,-151.404,20.5,3.3,"72 km ENE of Ouzinkie, Alaska"
2024-01-19T12:50:52.665Z,58.954,-154.472,123.2,3,"56 km SSE of Kokhanok, Alaska"
2024-01-18T03:41:25.929Z,56.668,-148.755,10,3.1,"237 km ESE of Chiniak, Alaska"
2024-01-11T20:32:04.821Z,55.87,-154.193,11.9,3.3,"119 km S of Akhiok, Alaska"
2024-01-11T18:25:40.241Z,61.586,-151.127,66.8,3.7,"32 km W of Susitna, Alaska"
2024-01-10T12:13:02.094Z,55.767,-156.026,15.5,3.2,"159 km ESE of Chignik, Alaska"
2024-01-07T05:50:08.011Z,59.425,-151.538,46.3,4.9,"8 km SE of Seldovia Village, Alaska"
2024-01-06T23:33:48.793Z,59.426,-151.535,45.5,3,"8 km SE of Seldovia Village, Alaska"
2024-01-05T21:22:07.552Z,58.381,-151.752,29.9,3.1,"67 km NE of Ouzinkie, Alaska"
2024-01-02T21:46:23.375Z,57.496,-152.255,46.2,3,"12 km S of Chiniak, Alaska"
2024-01-02T05:55:43.577Z,61.292,-146.845,18.4,3.6,"32 km WNW of Valdez, Alaska"
2024-01-01T23:27:32.613Z,54.312,-157.384,4.4,3.2,"210 km SSE of Perryville, Alaska"
2024-01-01T02:47:30.044Z,57.104,-155.031,42.9,3.6,"55 km WNW of Akhiok, Alaska"
